{"cameraMode":{"drawMode":0,"name":"Shaded","section":"Shading Mode"},"sceneLighting":true,"audioPlay":false,"sceneViewState":{"m_AlwaysRefresh":false,"showFog":true,"showSkybox":true,"showFlares":true,"showImageEffects":true,"showParticleSystems":true,"showVisualEffectGraphs":true,"m_FxEnabled":true},"in2DMode":false,"pivot":{"x":-1.9476544857025147,"y":2.304638147354126,"z":0.46000149846076968},"rotation":{"x":-0.08119607716798783,"y":0.5123623013496399,"z":-0.048680514097213748,"w":-0.8535773754119873},"size":3.9073946475982668,"orthographic":false}