{"cameraMode":{"drawMode":0,"name":"Shaded","section":"Shading Mode"},"sceneLighting":true,"audioPlay":false,"sceneViewState":{"m_AlwaysRefresh":false,"showFog":true,"showSkybox":true,"showFlares":true,"showImageEffects":true,"showParticleSystems":true,"showVisualEffectGraphs":true,"m_FxEnabled":true},"in2DMode":false,"pivot":{"x":-5.528234958648682,"y":-16.070587158203126,"z":58.324153900146487},"rotation":{"x":-0.12598386406898499,"y":0.0035835064481943847,"z":-0.000409120722906664,"w":-0.9921035170555115},"size":37.85287857055664,"orthographic":false}