{"cameraMode":{"drawMode":0,"name":"Shaded","section":"Shading Mode"},"sceneLighting":false,"audioPlay":false,"sceneViewState":{"m_AlwaysRefresh":false,"showFog":false,"showSkybox":false,"showFlares":false,"showImageEffects":false,"showParticleSystems":false,"showVisualEffectGraphs":true,"m_FxEnabled":true},"in2DMode":false,"pivot":{"x":0.000016748905181884766,"y":0.8316175937652588,"z":0.026413366198539735},"rotation":{"x":0.02097705379128456,"y":0.9752447605133057,"z":-0.19293411076068879,"w":0.10603522509336472},"size":1.3218719959259034,"orthographic":false}