{"cameraMode":{"drawMode":0,"name":"Shaded","section":"Shading Mode"},"sceneLighting":false,"audioPlay":false,"sceneViewState":{"m_AlwaysRefresh":false,"showFog":false,"showSkybox":false,"showFlares":false,"showImageEffects":false,"showParticleSystems":false,"showVisualEffectGraphs":true,"m_FxEnabled":true},"in2DMode":false,"pivot":{"x":2.384185791015625e-7,"y":0.8850403428077698,"z":-0.007395803928375244},"rotation":{"x":0.02097705379128456,"y":0.9752447605133057,"z":-0.19293411076068879,"w":0.10603522509336472},"size":1.375217318534851,"orthographic":false}