{"cameraMode":{"drawMode":0,"name":"Shaded","section":"Shading Mode"},"sceneLighting":false,"audioPlay":false,"sceneViewState":{"m_AlwaysRefresh":false,"showFog":false,"showSkybox":false,"showFlares":false,"showImageEffects":false,"showParticleSystems":false,"showVisualEffectGraphs":true,"m_FxEnabled":true},"in2DMode":false,"pivot":{"x":0.000001430511474609375,"y":7.900482177734375,"z":-0.2776350975036621},"rotation":{"x":-0.003670682664960623,"y":0.9682523012161255,"z":-0.24961841106414796,"w":-0.014232438057661057},"size":11.662189483642579,"orthographic":false}