{"cameraMode":{"drawMode":0,"name":"Shaded","section":"Shading Mode"},"sceneLighting":false,"audioPlay":false,"sceneViewState":{"m_AlwaysRefresh":false,"showFog":false,"showSkybox":false,"showFlares":false,"showImageEffects":false,"showParticleSystems":false,"showVisualEffectGraphs":true,"m_FxEnabled":true},"in2DMode":false,"pivot":{"x":1.1920928955078126e-7,"y":0.7900480031967163,"z":-0.02776351571083069},"rotation":{"x":0.02097705379128456,"y":0.9752447605133057,"z":-0.19293411076068879,"w":0.10603522509336472},"size":1.1662187576293946,"orthographic":false}